{
  "usuarios": [
    {
      "id": "1",
      "pass": "$2b$10$OpWdIHH2nkAixxKV0IOA3OSpM5dasBALA81VA6icFOIXpvZme1TCy",
      "nombre": "agustin",
      "administrador": 1
    },
    {
      "id": "2",
      "nombre": "ana",
      "pass": "$2b$10$OibS91EO2CyEmuKG1fK8rOGJ1aAoCMF5fiiRzqceJWrc60IPfLLhu",
      "administrador": 0
    },
    {
      "id": "3",
      "nombre": "juanito",
      "pass": "$2b$10$An5eOGifOVrKpkUSucLyL.kMms4jqO60BlUycMVlJTw/WNE5D.zkS",
      "administrador": 0
    },
    {
      "id": "4",
      "pass": "123",
      "nombre": "agustin",
      "administrador": 1
    }
  ],
  "frutas": [
    {
      "id": "1",
      "nombre": "Manzana",
      "precio": "5",
      "url": "/imagenes/manzana.jpg"
    },
    {
      "id": "2",
      "nombre": "Pera",
      "precio": "7",
      "url": "/imagenes/pera.jpg"
    },
    {
      "id": "3",
      "nombre": "Platano",
      "precio": "4",
      "url": "/imagenes/platano.jpg"
    },
    {
      "id": "4",
      "nombre": "Aceitunas",
      "precio": "10",
      "url": "/imagenes/aceitunas.jpg"
    }
  ]
}